seq,cum_dist,elev,gradient_pct,gradient_smooth,x,y
0,0.0,254.71774291992188,,-26.74,1570984.6478000004,5173007.4921
1,5.0,252.31394958496094,-48.08,-33.74,1570984.7126838046,5173012.491678992
2,10.0,252.2090606689453,-2.1,-52.92,1570984.777567609,5173017.491257983
3,15.0,250.55210876464844,-33.14,-18.47,1570984.8424514132,5173022.490836975
4,20.0,248.77456665039062,-35.55,-25.49,1570984.9073352176,5173027.490415966
5,25.0,248.033447265625,-14.82,-19.46,1570984.9722190218,5173032.489994958
6,30.0,244.5961456298828,-68.75,-28.5,1570985.037102826,5173037.489573949
7,35.0,236.19705200195312,-167.98,-18.06,1570985.1019866304,5173042.489152941
8,40.0,247.32839965820312,222.63,-27.6,1570985.1668704345,5173047.488731932
9,45.0,243.24847412109375,-81.6,-25.71,1570985.2317542387,5173052.488310924
10,46.7,243.82273864746094,34.75,-8.57,1570985.2532000002,5173054.1408
11,51.7,237.87930297851562,-118.87,-7.22,1570983.9547034649,5173058.969247654
12,56.7,241.21920776367188,66.8,-8.46,1570982.6562069296,5173063.797695308
13,61.7,235.86785888671875,-107.03,-25.05,1570981.3577103943,5173068.626142962
14,66.7,235.2510986328125,-12.34,-14.27,1570980.0592138593,5173073.454590617
15,71.7,242.89784240722656,152.93,-0.48,1570978.760717324,5173078.283038271
16,71.9,242.89784240722656,0.0,-9.4,1570978.6900000004,5173078.546
17,76.9,238.78038024902344,-82.35,1.69,1570976.7850832718,5173083.168909501
18,81.9,221.2587432861328,-350.43,-17.95,1570974.880166543,5173087.7918190025
19,86.9,238.3153533935547,341.13,-9.01,1570972.9752498143,5173092.414728504
20,91.9,241.82260131835938,70.14,9.23,1570971.0703330857,5173097.037638005
21,96.9,238.65541076660156,-63.34,-8.3,1570969.1654163569,5173101.660547506
22,101.9,238.8076629638672,3.06,-43.26,1570967.2692999998,5173106.2621
23,106.9,231.34518432617188,-149.25,-28.21,1570964.4218509507,5173110.37209196
24,111.9,230.9105987548828,-8.69,14.92,1570961.5744019013,5173114.48208392
25,116.9,240.3245391845703,188.28,-11.75,1570958.7269528522,5173118.592075881
26,121.9,238.3304443359375,-39.88,-16.12,1570955.879503803,5173122.702067841
27,126.1,221.99855041503906,-384.51,-42.64,1570953.4605999999,5173126.1935
28,131.1,226.15870666503906,83.2,-30.61,1570949.092815111,5173128.627109493
29,136.1,232.35987854003906,124.02,-3.92,1570944.7250302222,5173131.060718986
30,141.1,234.74803161621094,47.76,-7.14,1570940.3572453333,5173133.494328479
31,146.1,235.85118103027344,22.06,37.59,1570935.9894604445,5173135.927937972
32,151.1,218.0986785888672,-355.05,46.22,1570931.6216755556,5173138.361547465
33,156.1,224.86587524414062,135.34,69.99,1570927.2538906669,5173140.7951569585
34,161.1,232.08152770996094,144.31,69.64,1570922.886105778,5173143.228766452
35,166.1,229.87704467773438,-44.09,54.09,1570918.5183208892,5173145.662375945
36,166.9,235.02113342285156,680.32,25.28,1570917.8578000003,5173146.0304
37,171.9,237.7760467529297,55.1,36.45,1570913.2558700817,5173147.9854552485
38,176.9,231.6240234375,-123.04,48.26,1570908.6539401633,5173149.9405104965
39,181.9,235.59112548828125,79.34,66.57,1570904.0520102447,5173151.895565745
40,186.9,233.2405548095703,-47.01,30.48,1570899.450080326,5173153.850620993
41,191.9,219.7830352783203,-269.15,36.94,1570894.8481504074,5173155.805676242
42,196.9,227.0283203125,144.91,-24.68,1570890.246220489,5173157.76073149
43,201.9,215.77056884765625,-225.16,-33.37,1570885.6442905704,5173159.715786739
44,206.9,232.6065216064453,336.72,-29.52,1570881.0423606518,5173161.670841987
45,209.1,227.111328125,-252.65,-17.5,1570879.0405000001,5173162.5213
46,214.1,228.46096801757812,26.99,-10.32,1570874.6277482084,5173164.872389455
47,219.1,228.5863494873047,2.51,9.27,1570870.2149964168,5173167.22347891
48,224.1,226.55877685546875,-40.55,-2.45,1570865.802244625,5173169.574568365
49,229.1,222.52757263183594,-80.62,9.84,1570861.3894928335,5173171.92565782
50,234.1,233.10110473632812,211.47,-10.13,1570856.9767410418,5173174.276747275
51,239.1,234.70362854003906,32.05,7.36,1570852.56398925,5173176.627836729
52,244.1,232.0168914794922,-53.73,5.12,1570848.1512374585,5173178.978926185
53,249.1,232.81588745117188,15.98,-24.18,1570843.7384856667,5173181.33001564
54,254.1,228.31808471679688,-89.96,-9.77,1570839.3257338752,5173183.681105095
55,259.1,234.1734161376953,117.11,-6.5,1570834.9129820834,5173186.032194549
56,264.1,231.16091918945312,-60.25,-22.72,1570830.5002302919,5173188.383284004
57,269.1,231.27685546875,2.32,-29.72,1570826.0874785,5173190.73437346
58,272.3,220.86495971679688,-319.78,-19.37,1570823.2138999999,5173192.2654
59,277.3,226.7613983154297,117.93,-20.24,1570818.2975688956,5173193.17627237
60,282.3,224.5309600830078,-44.61,-10.68,1570813.3812377914,5173194.087144739
61,287.3,226.17921447753906,32.97,-26.13,1570808.4649066871,5173194.998017109
62,292.3,223.933349609375,-44.92,-23.87,1570803.5485755831,5173195.908889479
63,296.2,226.2352752685547,60.16,-22.43,1570799.7860000003,5173196.606
64,301.2,226.5563201904297,6.42,-15.54,1570794.979163534,5173197.9823441375
65,306.2,227.31593322753906,15.19,-7.78,1570790.1723270677,5173199.358688275
66,311.2,224.67288208007812,-52.86,-5.8,1570785.3654906014,5173200.735032413
67,316.2,222.90338134765625,-35.39,1.59,1570780.558654135,5173202.111376551
68,321.2,223.8105010986328,18.14,3.23,1570775.7518176686,5173203.487720689
69,326.2,211.60971069335938,-244.02,-11.6,1570770.9449812023,5173204.864064828
70,331.2,221.77493286132812,203.3,-9.63,1570766.138144736,5173206.240408965
71,336.2,220.63523864746094,-22.79,-11.93,1570761.3313082696,5173207.616753103
72,339.9,224.88272094726562,114.3,-12.55,1570757.7587000001,5173208.6397
73,344.9,223.53933715820312,-26.87,-41.93,1570753.0916054891,5173210.433642258
74,349.9,218.3861083984375,-103.06,-44.58,1570748.424510978,5173212.227584516
75,354.9,219.79144287109375,28.11,-23.99,1570743.757416467,5173214.021526773
76,359.9,219.28921508789062,-10.04,-43.16,1570739.0903219557,5173215.815469031
77,364.9,216.30360412597656,-59.71,-38.34,1570734.4232274448,5173217.60941129
78,369.9,198.3750762939453,-358.57,-50.67,1570729.7561329335,5173219.403353548
79,374.9,197.8255157470703,-10.99,-48.63,1570725.0890384226,5173221.197295805
80,379.9,196.94454956054688,-17.62,-38.27,1570720.4219439114,5173222.991238063
81,384.9,196.56993103027344,-7.49,-39.13,1570715.7548494004,5173224.785180321
82,385.8,196.84500122070312,30.2,-39.42,1570714.9046,5173225.112
83,390.8,195.77993774414062,-21.3,-37.44,1570710.159902674,5173223.534708878
84,395.8,195.5550537109375,-4.5,-5.36,1570705.4152053476,5173221.957417756
85,400.8,196.1040802001953,10.98,-7.45,1570700.6705080215,5173220.380126635
86,405.8,197.03555297851562,18.63,-7.5,1570695.9258106952,5173218.802835513
87,410.8,196.37057495117188,-13.3,4.47,1570691.181113369,5173217.225544391
88,415.8,194.47799682617188,-37.85,52.73,1570686.4364160427,5173215.6482532695
89,420.8,194.19239807128906,-5.71,24.27,1570681.6917187166,5173214.070962148
90,421.5,193.96253967285156,-34.03,42.78,1570681.0508000003,5173213.8579
91,426.5,193.05697631835938,-18.11,41.78,1570677.92646107,5173209.954247064
92,431.5,199.26702880859375,124.2,25.55,1570674.8021221398,5173206.050594127
93,434.3,215.24354553222656,561.01,51.27,1570673.0225999998,5173203.8272
94,439.3,198.52688598632812,-334.33,53.71,1570672.2469437087,5173198.887730665
95,444.3,208.4820098876953,199.1,49.42,1570671.4712874177,5173193.948261329
96,444.4,208.4820098876953,0.0,54.3,1570671.4518999998,5173193.8248
97,449.4,200.4851837158203,-159.94,44.91,1570674.6337609848,5173189.967889232
98,454.4,213.9663848876953,269.62,29.58,1570677.8156219698,5173186.110978464
99,455.9,213.80410766601562,-10.99,-33.43,1570678.7555,5173184.9717
100,460.9,211.16127014160156,-52.86,2.6,1570680.3447159121,5173180.230983515
101,465.9,212.1408233642578,19.59,-9.17,1570681.9339318245,5173175.490267031
102,468.8,208.6623077392578,-121.37,-12.84,1570682.8449,5173172.7728
103,473.8,206.44204711914062,-44.41,-4.45,1570679.627890134,5173168.945157446
104,477.5,201.5032501220703,-132.17,-25.54,1570677.2236000001,5173166.0845
105,482.5,204.60391235351562,62.01,-33.01,1570672.2673325003,5173166.744357917
106,485.7,206.79763793945312,69.69,-43.92,1570669.1469,5173167.1598
107,490.7,204.77609252929688,-40.43,-20.97,1570665.2027886107,5173170.23290679
108,492.9,203.29550170898438,-67.68,-9.76,1570663.4770999998,5173171.5775
109,497.9,205.18128967285156,37.72,3.59,1570660.3781031687,5173175.501301554
110,502.9,200.52392578125,-93.15,-23.74,1570657.2791063378,5173179.425103109
111,507.9,191.87698364257812,-172.94,-28.94,1570654.1801095067,5173183.348904664
112,511.2,200.9476776123047,272.01,-36.81,1570652.1133000003,5173185.9658
113,516.2,201.04580688476562,1.96,-19.2,1570650.1753413174,5173190.574955687
114,521.2,206.17063903808594,102.5,-23.35,1570648.2373826343,5173195.1841113735
115,526.2,184.53057861328125,-432.8,-31.94,1570646.2994239514,5173199.79326706
116,528.0,184.61822509765625,4.77,-26.32,1570645.5877,5173201.486
117,533.0,183.7754364013672,-16.86,-12.68,1570642.9043003323,5173205.704929511
118,538.0,191.44088745117188,153.31,-41.33,1570640.2209006646,5173209.923859023
119,543.0,185.77285766601562,-113.36,-45.59,1570637.5375009968,5173214.142788534
120,547.7,183.1099853515625,-56.79,-57.27,1570635.0212000003,5173218.099
121,552.7,181.54217529296875,-31.36,20.53,1570630.63025361,5173220.490566391
122,557.7,180.4013214111328,-22.82,3.09,1570626.2393072196,5173222.88213278
123,562.7,178.2421112060547,-43.18,7.95,1570621.8483608293,5173225.27369917
124,566.1,176.70254516601562,-44.92,-2.01,1570618.8383999998,5173226.9131
125,570.2,175.6553192138672,-25.95,10.07,1570614.8024000004,5173226.8954
126,575.2,196.80711364746094,423.04,15.36,1570611.1325390514,5173223.499502384
127,576.7,193.8660888671875,-187.08,7.26,1570609.9786999999,5173222.4318
128,581.7,195.69598388671875,36.6,10.69,1570610.5168269812,5173217.460842411
129,584.6,196.92819213867188,43.76,17.53,1570610.8198999995,5173214.6612
130,589.6,197.90093994140625,19.45,25.68,1570613.143112409,5173210.233708148
131,594.6,197.9733428955078,1.45,25.11,1570615.4663248183,5173205.806216296
132,599.6,191.94630432128906,-120.54,-13.83,1570617.7895372275,5173201.378724444
133,602.1,192.32205200195312,14.92,9.13,1570618.96,5173199.1481
134,604.4,193.08131408691406,32.13,-16.83,1570618.1624999996,5173196.9234
135,608.6,194.95130920410156,44.67,-51.65,1570614.1217,5173198.0163
136,613.6,193.34173583984375,-32.19,-21.23,1570611.5895186118,5173202.327686949
137,618.6,193.0768585205078,-5.3,-22.27,1570609.0573372238,5173206.639073897
138,621.5,194.94088745117188,65.47,-8.6,1570607.6155000003,5173209.094
139,626.5,182.4940185546875,-248.94,-14.7,1570603.9160130748,5173212.45759874
140,628.1,177.15982055664062,-339.3,-6.04,1570602.7528,5173213.5152
141,632.1,191.4520263671875,354.12,-21.72,1570598.7169000003,5173213.4975
142,636.2,191.03993225097656,-10.0,-11.87,1570596.3098999998,5173210.1551
143,641.2,192.52883911132812,29.78,-17.24,1570597.3965036597,5173205.274598747
144,646.2,189.9224395751953,-52.13,-20.54,1570598.4831073196,5173200.394097493
145,647.6,191.66358947753906,127.36,-4.6,1570598.7802,5173199.0597
146,650.3,188.1554412841797,-127.76,26.01,1570597.1755,5173196.8314
147,653.7,190.753662109375,76.09,-4.92,1570593.9419,5173197.9279
148,657.9,188.1026611328125,-64.36,-40.83,1570591.5056999996,5173201.2491
149,662.9,189.5630340576172,29.21,-43.54,1570589.0933746025,5173205.628676027
150,667.9,185.87985229492188,-73.66,5.44,1570586.6810492056,5173210.008252054
151,672.9,185.7551727294922,-2.49,-10.05,1570584.2687238085,5173214.387828082
152,677.9,186.4475555419922,13.85,-0.94,1570581.8563984116,5173218.767404109
153,682.9,166.1947021484375,-405.06,-6.31,1570579.4440730144,5173223.146980136
154,683.2,166.1947021484375,0.0,-0.46,1570579.3003000002,5173223.408
155,687.8,188.77610778808594,486.71,-5.77,1570576.0569000002,5173226.7256
156,692.0,186.97308349609375,-43.07,-10.1,1570572.0160999997,5173227.8185
157,695.9,185.8931884765625,-27.55,-7.23,1570568.7970000003,5173225.5831
158,700.9,186.74493408203125,17.03,-23.06,1570566.42318375,5173221.182532263
159,701.0,186.74493408203125,0.0,28.11,1570566.3948999997,5173221.1301
160,706.0,185.28453063964844,-29.21,27.32,1570567.7308733363,5173216.311887131
161,710.2,180.17738342285156,-121.34,-9.09,1570568.8554999996,5173212.2559
162,715.2,181.63369750976562,29.13,-27.14,1570571.3629348143,5173207.930073992
163,720.2,173.6197509765625,-160.28,-25.53,1570573.870369629,5173203.6042479845
164,725.2,181.50721740722656,157.75,-12.25,1570576.3778044437,5173199.278421977
165,730.2,181.07296752929688,-8.68,-18.54,1570578.8852392584,5173194.952595969
166,734.5,184.8045654296875,86.21,-14.78,1570581.0559999999,5173191.2076
167,739.5,172.7245635986328,-241.6,-7.05,1570580.47650709,5173186.241294737
168,744.5,172.23526000976562,-9.79,-4.07,1570579.8970141802,5173181.274989474
169,747.9,177.82061767578125,163.09,13.77,1570579.5000999998,5173177.8734
170,752.9,174.35873413085938,-69.24,-0.18,1570574.5001483534,5173177.851410619
171,754.4,174.53553771972656,12.13,-2.23,1570573.0425000004,5173177.845
172,759.4,172.7206268310547,-36.3,-11.85,1570570.4045674354,5173182.092506537
173,764.4,175.81593322753906,61.91,12.57,1570567.7666348703,5173186.340013074
174,769.4,177.61734008789062,36.03,14.22,1570565.1287023055,5173190.587519611
175,771.3,177.70083618164062,4.28,-5.39,1570564.0999999996,5173192.2439
176,776.3,176.13894653320312,-31.24,-3.49,1570560.69735154,5173195.907502525
177,781.3,175.1570281982422,-19.64,-5.69,1570557.29470308,5173199.57110505
178,786.3,176.51026916503906,27.06,-3.75,1570553.8920546204,5173203.234707574
179,791.3,176.9296417236328,8.39,-15.69,1570550.4894061605,5173206.898310099
180,794.0,175.53665161132812,-52.69,-18.97,1570548.6902,5173208.8355
181,799.0,173.12277221679688,-48.28,-5.38,1570547.6792093487,5173213.73222318
182,804.0,172.51806640625,-12.09,-7.55,1570546.6682186972,5173218.62894636
183,809.0,171.7678985595703,-15.0,-31.46,1570545.6572280459,5173223.52566954
184,814.0,168.29722595214844,-69.41,-49.96,1570544.6462373945,5173228.42239272
185,814.4,168.29722595214844,0.0,-50.19,1570544.5664999997,5173228.8086
186,819.4,175.98284912109375,153.71,-52.14,1570544.9705786353,5173233.792245298
187,824.4,173.2272186279297,-55.11,-19.25,1570545.3746572707,5173238.775890596
188,829.4,159.09548950195312,-282.63,12.68,1570545.7787359064,5173243.759535894
189,833.3,152.12860107421875,-176.41,20.32,1570546.0979000004,5173247.6959
190,838.3,152.42189025878906,5.87,19.48,1570547.3329099296,5173252.5409748675
191,843.3,148.71017456054688,-74.23,18.27,1570548.5679198587,5173257.386049735
192,848.3,164.38583374023438,313.51,-17.05,1570549.802929788,5173262.231124603
193,849.4,167.9945526123047,339.22,-43.08,1570550.0657000002,5173263.262
194,854.4,171.44615173339844,69.03,12.58,1570553.411618896,5173266.977484725
195,859.4,167.5133819580078,-78.66,66.13,1570556.7575377917,5173270.692969451
196,864.4,166.84588623046875,-13.35,54.24,1570560.1034566876,5173274.408454175
197,867.4,159.78904724121094,-234.74,64.24,1570562.1152,5173276.6424
198,872.4,142.71258544921875,-341.53,-22.45,1570566.1196909924,5173279.636402654
199,877.4,159.19711303710938,329.69,-44.43,1570570.1241819847,5173282.630405308
200,882.4,179.82550048828125,412.57,-48.02,1570574.1286729772,5173285.624407962
201,887.4,173.5823211669922,-124.86,-101.96,1570578.1331639697,5173288.618410615
202,892.4,175.3702392578125,35.76,-58.62,1570582.1376549623,5173291.6124132695
203,893.5,168.2038116455078,-640.12,-36.79,1570583.0343000004,5173292.2828
204,898.5,173.07940673828125,97.51,-9.15,1570587.772505794,5173293.879485899
205,903.5,174.557373046875,29.56,-36.06,1570592.5107115873,5173295.476171797
206,908.5,140.9556427001953,-672.03,-67.0,1570597.2489173808,5173297.072857697
207,913.5,164.12571716308594,463.4,-57.18,1570601.9871231741,5173298.669543595
208,918.2,164.37435913085938,5.33,-65.32,1570606.4091999996,5173300.1597
209,923.2,162.50196838378906,-37.45,-8.74,1570610.9939300686,5173302.154756439
210,928.2,164.185546875,33.67,-0.71,1570615.5786601375,5173304.149812878
211,933.2,167.7963104248047,72.22,-10.47,1570620.1633902062,5173306.144869317
212,938.2,166.95608520507812,-16.8,50.01,1570624.748120275,5173308.1399257565
213,943.2,164.26589965820312,-53.8,8.47,1570629.332850344,5173310.134982196
214,946.3,163.71372985839844,-17.71,-7.4,1570632.1912000002,5173311.3788
215,951.3,173.0013427734375,185.75,-8.62,1570636.386743767,5173314.098618468
216,956.3,169.11260986328125,-77.77,-11.68,1570640.5822875334,5173316.818436937
217,960.7,168.8187255859375,-6.7,-22.71,1570644.2653,5173319.206
218,965.7,169.14071655273438,6.44,-7.23,1570645.4212894558,5173324.070533727
219,967.5,165.99893188476562,-169.23,-7.16,1570645.8504999997,5173325.8767
220,972.5,163.4546356201172,-50.89,-18.16,1570643.4381677918,5173330.256272276
221,972.6,163.4546356201172,0.0,-25.92,1570643.4094000002,5173330.3085
222,977.6,161.0006103515625,-49.08,-21.64,1570638.4990849628,5173331.251265205
223,978.4,162.16456604003906,153.44,-38.25,1570637.7540999996,5173331.3943
224,983.4,159.51470947265625,-53.0,-24.33,1570633.0331388842,5173329.747325153
225,988.4,152.57894897460938,-138.72,-6.17,1570628.312177769,5173328.100350305
226,993.4,157.59954833984375,100.41,-24.09,1570623.5912166534,5173326.453375459
227,998.4,156.0660858154297,-30.67,-18.21,1570618.870255538,5173324.806400611
228,1002.3,148.67593383789062,-189.41,-40.93,1570615.1863000002,5173323.5212
229,1007.3,156.64939880371094,159.47,-18.2,1570610.625124623,5173321.472864291
230,1012.3,158.18087768554688,30.63,1.31,1570606.063949246,5173319.424528581
231,1017.3,145.77687072753906,-248.08,18.06,1570601.5027738689,5173317.3761928715
232,1022.3,149.01431274414062,64.75,35.57,1570596.9415984917,5173315.327857162
233,1027.3,134.0594482421875,-299.1,25.61,1570592.3804231146,5173313.279521452
234,1029.6,143.65293884277344,403.5,28.66,1570590.2115000002,5173312.3055
235,1034.6,151.73435974121094,161.63,22.73,1570585.3033107053,5173311.351729669
236,1039.6,154.01309204101562,45.57,-30.15,1570580.3951214103,5173310.397959338
237,1044.6,168.6645050048828,293.03,26.38,1570575.4869321154,5173309.444189006
238,1049.6,161.65304565429688,-140.23,46.1,1570570.5787428203,5173308.490418674
239,1053.5,155.68841552734375,-155.86,65.99,1570566.8219999997,5173307.7604
240,1058.5,160.39968872070312,94.23,20.05,1570562.2086464656,5173305.832455714
241,1063.5,132.84793090820312,-551.04,11.22,1570557.5952929317,5173303.904511428
242,1068.5,151.5306854248047,373.66,6.22,1570552.9819393975,5173301.976567142
243,1073.5,165.61697387695312,281.73,-34.98,1570548.3685858634,5173300.048622856
244,1078.5,161.59934997558594,-80.35,9.35,1570543.7552323295,5173298.12067857
245,1083.5,156.5099334716797,-101.79,12.63,1570539.1418787953,5173296.192734284
246,1088.4,159.6900177001953,64.49,11.2,1570534.5921999998,5173294.2914
247,1093.4,159.21629333496094,-9.47,14.9,1570530.5877342324,5173291.297363608
248,1098.4,151.2072296142578,-160.18,-7.71,1570526.583268465,5173288.303327216
249,1101.4,161.83779907226562,347.43,-66.5,1570524.1327,5173286.4711
250,1106.4,155.84669494628906,-119.82,-57.81,1570519.1741315539,5173285.828761331
251,1110.4,158.94882202148438,78.56,-48.64,1570515.2582999999,5173285.3215
252,1115.4,133.43280029296875,-510.32,-59.21,1570510.5718808253,5173283.578664574
253,1120.4,139.6757354736328,124.86,-59.78,1570505.8854616508,5173281.835829148
254,1123.3,129.10281372070312,-364.91,-51.97,1570503.1698000003,5173280.8259
255,1128.3,129.8665771484375,15.28,-30.65,1570499.6386137581,5173277.2860237695
256,1133.3,129.82078552246094,-0.92,-79.53,1570496.1074275158,5173273.7461475395
257,1138.3,127.22872161865234,-51.84,-96.3,1570492.5762412737,5173270.20627131
258,1143.3,126.44194030761719,-15.74,-30.9,1570489.0450550313,5173266.66639508
259,1143.8,126.08292388916016,-74.28,-29.86,1570488.7037000004,5173266.3242
260,1148.8,155.18186950683594,581.98,5.01,1570487.2377330023,5173261.543934237
261,1151.9,134.51829528808594,-657.5,-21.3,1570486.3163,5173258.5393
262,1156.9,129.22328186035156,-105.9,-19.23,1570487.152880665,5173253.6097835135
263,1161.9,139.6775665283203,209.09,13.07,1570487.9894613295,5173248.680267028
264,1166.9,146.4888916015625,136.23,2.43,1570488.8260419944,5173243.750750541
265,1171.9,147.4269256591797,18.76,31.91,1570489.6626226592,5173238.821234054
266,1176.7,134.3639678955078,-274.17,-6.53,1570490.4598000003,5173234.1239
267,1181.7,135.45623779296875,21.85,50.08,1570487.5379770598,5173230.066443814
268,1183.5,141.11483764648438,303.43,59.71,1570486.4482000005,5173228.5531
269,1188.5,134.47930908203125,-132.71,35.78,1570481.5168649855,5173229.37889354
270,1190.1,138.35958862304688,249.94,27.05,1570479.9857,5173229.6353
271,1195.1,146.31593322753906,159.13,15.75,1570477.5733090015,5173234.014839892
272,1200.1,144.57940673828125,-34.73,57.39,1570475.160918003,5173238.394379785
273,1200.2,144.57940673828125,0.0,64.39,1570475.1034000004,5173238.4988
274,1205.2,141.87281799316406,-54.13,22.39,1570475.0814150998,5173243.498751666
275,1210.2,143.8813934326172,40.17,40.12,1570475.059430199,5173248.498703333
276,1213.5,140.3709259033203,-105.5,2.32,1570475.0448000003,5173251.826
277,1218.5,149.56292724609375,183.84,-45.41,1570473.5086681407,5173256.584182312
278,1223.5,154.50453186035156,98.83,-7.5,1570471.9725362812,5173261.342364623
279,1228.5,146.57662963867188,-158.56,-12.84,1570470.4364044217,5173266.100546935
280,1232.2,148.85000610351562,62.34,-45.0,1570469.3161000004,5173269.5707
281,1237.2,140.5589141845703,-165.82,-171.58,1570465.0389850177,5173272.160350058
282,1240.7,127.69295501708984,-365.98,-167.42,1570462.0318,5173273.9811
283,1245.3,145.30392456054688,382.27,-183.85,1570458.0055,5173271.7421
284,1250.3,142.3689727783203,-58.7,-154.17,1570456.4895131497,5173266.977461098
285,1255.3,121.9733657836914,-407.91,-130.29,1570454.9735262997,5173262.212822195
286,1255.8,115.1577377319336,-1352.18,-174.52,1570454.8207,5173261.7325
287,1260.8,112.16976165771484,-59.76,-126.35,1570456.2376813102,5173256.93748551
288,1265.8,112.3253402709961,3.11,-87.56,1570457.6546626203,5173252.142471018
289,1270.8,133.59176635742188,425.33,-127.12,1570459.0716439304,5173247.347456528
290,1273.2,136.03598022460938,104.06,-118.66,1570459.7373000002,5173245.0949
291,1278.2,114.82637023925781,-424.19,-92.65,1570460.3148082397,5173240.128363557
292,1283.2,133.0321044921875,364.11,36.54,1570460.8923164792,5173235.161827115
293,1287.7,135.781005859375,60.71,40.26,1570461.4153000005,5173230.6642
294,1292.7,133.13331604003906,-52.95,34.66,1570458.9211297128,5173226.330712424
295,1294.1,133.6224365234375,34.36,-4.77,1570458.2110000001,5173225.0969
296,1299.0,127.72672271728516,-121.73,-14.6,1570453.3678000001,5173225.0756
297,1304.0,131.16893005371094,68.84,25.12,1570451.2589366953,5173229.609108086
298,1309.0,130.22891235351562,-18.8,-47.06,1570449.1500733902,5173234.142616171
299,1314.0,127.30530548095703,-58.47,-21.69,1570447.0412100854,5173238.676124256
300,1319.0,126.88267517089844,-8.45,-42.38,1570444.9323467803,5173243.209632342
301,1324.0,126.68091583251953,-4.04,-47.98,1570442.8234834755,5173247.743140427
302,1329.0,127.31897735595703,12.76,-7.59,1570440.7146201704,5173252.276648513
303,1334.0,105.82479095458984,-429.88,-5.75,1570438.6057568656,5173256.810156599
304,1339.0,122.81440734863281,339.79,2.54,1570436.4968935605,5173261.343664684
305,1344.0,108.78443145751953,-280.6,8.08,1570434.3880302557,5173265.877172769
306,1349.0,107.42689514160156,-27.15,-34.61,1570432.2791669508,5173270.410680855
307,1354.0,123.55426025390625,322.55,-45.3,1570430.1703036458,5173274.94418894
308,1358.9,127.91289520263672,89.0,-5.31,1570428.1047,5173279.3847
309,1363.9,131.5325469970703,72.39,42.37,1570427.6303979934,5173284.362152924
310,1367.8,131.63211059570312,2.54,0.36,1570427.2583999997,5173288.266
311,1372.8,107.72624206542969,-478.12,17.65,1570428.9454217302,5173292.972799091
312,1377.2,102.31401062011719,-121.53,45.04,1570430.4479999999,5173297.165
313,1382.2,124.94320678710938,452.58,-16.71,1570434.0133681856,5173300.670445721
314,1387.2,129.67596435546875,94.66,-7.9,1570437.5787363714,5173304.175891441
315,1392.2,123.55712890625,-122.38,-18.52,1570441.144104557,5173307.681337162
316,1397.2,119.0364761352539,-90.41,-59.72,1570444.7094727429,5173311.186782883
317,1402.2,132.7446746826172,274.16,30.23,1570448.2748409286,5173314.692228603
318,1404.3,125.42609405517578,-356.72,-29.5,1570449.7378000002,5173316.1306
319,1409.3,134.72035217285156,185.89,-74.42,1570453.795338158,5173319.052309105
320,1414.3,132.50027465820312,-44.4,-21.2,1570457.8528763158,5173321.9740182115
321,1419.3,109.97010803222656,-450.6,-0.31,1570461.9104144734,5173324.895727317
322,1424.3,135.53643798828125,511.33,-10.3,1570465.9679526312,5173327.817436422
323,1429.3,96.60855102539062,-778.56,-20.5,1570470.025490789,5173330.7391455285
324,1431.1,95.87224578857422,-41.54,-0.26,1570471.4638999999,5173331.7749
325,1436.1,129.8740692138672,680.04,-64.87,1570475.6111072248,5173334.567868355
326,1441.1,135.24563598632812,107.43,-48.11,1570479.75831445,5173337.36083671
327,1446.1,125.22856140136719,-200.34,56.61,1570483.905521675,5173340.153805065
328,1451.1,133.3247833251953,161.92,-14.77,1570488.0527289002,5173342.94677342
329,1456.1,126.6222915649414,-134.05,58.83,1570492.1999361252,5173345.739741774
330,1461.1,100.38288879394531,-524.79,39.72,1570496.3471433504,5173348.532710129
331,1463.1,103.21235656738281,139.98,-3.45,1570498.0236999998,5173349.6618
332,1468.1,138.2752685546875,701.26,-24.58,1570502.6972302087,5173351.438908715
333,1473.1,124.58153533935547,-273.87,-9.99,1570507.3707604178,5173353.216017431
334,1478.1,126.13497924804688,31.07,-15.32,1570512.0442906267,5173354.993126146
335,1482.1,116.1455078125,-251.76,-12.86,1570515.7531000003,5173356.4034
336,1487.1,126.40352630615234,205.16,36.2,1570516.2475909945,5173361.378887781
337,1489.9,122.8838882446289,-124.98,21.62,1570516.5261000004,5173364.1812
338,1494.0,121.24322509765625,-39.83,-52.17,1570514.0899,5173367.5023
339,1499.0,126.40660858154297,103.27,-78.79,1570509.089948287,5173367.480325756
340,1504.0,121.05856323242188,-106.96,-85.07,1570504.089996574,5173367.4583515115
341,1509.0,121.80422973632812,14.91,-6.77,1570499.090044861,5173367.436377266
342,1510.9,121.40483856201172,-20.46,9.41,1570497.1383999996,5173367.4278
343,1515.9,115.88351440429688,-110.43,6.23,1570492.3974856168,5173365.839174551
344,1520.9,87.55077362060547,-566.65,13.71,1570487.656571234,5173364.250549102
345,1525.9,85.64965057373047,-38.02,-50.05,1570482.9156568514,5173362.661923654
346,1530.9,116.1252670288086,609.51,-8.08,1570478.1747424689,5173361.073298206
347,1532.2,120.9236831665039,383.16,25.25,1570476.9873000002,5173360.6754
348,1537.2,112.92244720458984,-160.02,25.84,1570472.5478575742,5173358.375106335
349,1542.2,115.04513549804688,42.45,-24.78,1570468.1084151485,5173356.074812669
350,1547.2,85.14351654052734,-598.03,45.75,1570463.6689727225,5173353.774519004
351,1552.2,102.88003540039062,354.73,68.64,1570459.2295302965,5173351.474225339
352,1557.2,121.9576187133789,381.55,-14.06,1570454.7900878708,5173349.173931673
353,1562.2,121.25889587402344,-13.97,-63.09,1570450.3506454448,5173346.873638008
354,1567.2,87.8934555053711,-667.31,-43.82,1570445.9112030189,5173344.573344342
355,1572.2,98.35490417480469,209.23,-55.8,1570441.4717605931,5173342.273050677
356,1577.2,109.04103088378906,213.72,-3.1,1570437.0323181672,5173339.972757012
357,1582.2,94.0334701538086,-300.15,6.23,1570432.5928757412,5173337.672463346
358,1587.2,86.22643280029297,-156.14,-16.82,1570428.1534333155,5173335.37216968
359,1592.2,88.82112884521484,51.89,-13.92,1570423.7139908895,5173333.071876015
360,1597.2,84.3563232421875,-89.3,41.76,1570419.2745484635,5173330.771582349
361,1602.2,83.44151306152344,-18.3,-70.38,1570414.8351060376,5173328.471288684
362,1607.2,106.30697631835938,457.31,-93.35,1570410.3956636118,5173326.170995018
363,1612.2,112.708740234375,128.04,-31.52,1570405.9562211859,5173323.870701353
364,1617.2,113.60298156738281,17.88,6.59,1570401.51677876,5173321.570407688
365,1622.2,110.86119079589844,-54.84,-12.78,1570397.0773363342,5173319.270114022
366,1624.7,85.02422332763672,-1024.33,15.99,1570394.8377999999,5173318.1097
367,1628.1,83.69487762451172,-38.93,38.66,1570391.6041,5173319.2061
368,1633.1,102.69345092773438,379.97,-12.26,1570389.4039458968,5173323.696013354
369,1635.5,109.0202865600586,263.1,-83.98,1570388.3458000002,5173325.8554
370,1640.5,100.96029663085938,-161.2,-15.18,1570389.5016514028,5173330.719966531
371,1642.4,105.17749786376953,227.17,-18.57,1570389.9308000002,5173332.5261
372,1647.4,116.7341079711914,231.13,77.22,1570394.604288519,5173334.3033183515
373,1651.9,112.12411499023438,-102.81,69.08,1570398.7954000002,5173335.8971
374,1656.9,79.0804443359375,-660.87,-6.35,1570402.9554860669,5173338.670849073
375,1661.9,117.8143539428711,774.68,20.86,1570407.1155721336,5173341.444598145
376,1666.9,113.20711517333984,-92.14,35.92,1570411.2756582,5173344.218347218
377,1671.9,114.67569732666016,29.37,9.92,1570415.4357442667,5173346.99209629
378,1676.9,108.24714660644531,-128.57,-12.54,1570419.5958303334,5173349.765845363
379,1681.9,85.76142883300781,-449.71,-3.16,1570423.7559164,5173352.539594436
380,1686.9,113.88336944580078,562.44,65.04,1570427.9160024668,5173355.313343508
381,1691.9,114.1037368774414,4.41,-0.58,1570432.0760885333,5173358.087092581
382,1696.9,111.16050720214844,-58.86,-2.34,1570436.2361746,5173360.860841653
383,1701.9,110.36776733398438,-15.85,-20.49,1570440.3962606667,5173363.634590726
384,1706.9,110.38404846191406,0.33,-2.13,1570444.5563467334,5173366.408339799
385,1711.9,114.85370635986328,89.39,26.9,1570448.7164328,5173369.1820888715
386,1716.9,117.49598693847656,52.85,-73.68,1570452.8765188667,5173371.9558379445
387,1721.9,111.9184799194336,-111.55,-63.77,1570457.0366049332,5173374.729587017
388,1726.9,103.40296173095703,-170.31,14.78,1570461.196691,5173377.50333609
389,1731.9,107.0728988647461,73.4,40.08,1570465.3567770666,5173380.277085162
390,1736.9,100.55587005615234,-130.34,17.7,1570469.5168631333,5173383.050834235
391,1741.9,73.3602523803711,-543.91,22.68,1570473.6769492,5173385.824583308
392,1746.9,79.02729797363281,113.34,0.53,1570477.8370352664,5173388.59833238
393,1748.6,93.01030731201172,805.2,-29.43,1570479.2818999998,5173389.5617
394,1753.6,106.13506317138672,262.5,-1.71,1570479.8613561653,5173394.528009551
395,1755.3,101.92473602294922,-245.88,24.99,1570480.0598,5173396.2288
396,1760.3,109.13545989990234,144.21,15.06,1570476.3602063505,5173399.5922813555
397,1761.9,106.13495635986328,-190.85,83.85,1570475.1968999999,5173400.6499
398,1766.9,84.08137512207031,-441.07,49.76,1570470.4004830578,5173399.237673205
399,1771.9,90.81193542480469,134.61,-1.24,1570465.6040661158,5173397.825446411
400,1776.9,109.16837310791016,367.13,-42.34,1570460.8076491738,5173396.413219617
401,1781.9,97.1859130859375,-239.65,-1.23,1570456.0112322317,5173395.000992823
402,1786.9,107.82806396484375,212.84,-17.28,1570451.2148152897,5173393.588766029
403,1791.9,94.74224853515625,-261.72,-50.65,1570446.4183983477,5173392.176539235
404,1796.9,106.951904296875,244.19,38.4,1570441.6219814057,5173390.7643124405
405,1801.9,97.47650909423828,-189.51,22.52,1570436.8255644636,5173389.352085646
406,1806.9,107.79005432128906,206.27,-80.1,1570432.0291475216,5173387.939858852
407,1811.9,106.17330932617188,-32.33,9.1,1570427.2327305796,5173386.527632059
408,1816.9,78.2802505493164,-557.86,-4.78,1570422.4363136375,5173385.115405264
409,1821.9,105.20355987548828,538.47,18.39,1570417.6398966953,5173383.70317847
410,1826.9,103.19998931884766,-40.07,-16.78,1570412.8434797532,5173382.290951676
411,1831.9,65.11082458496094,-761.78,-15.98,1570408.0470628112,5173380.878724881
412,1836.9,102.18843841552734,741.55,-9.15,1570403.2506458692,5173379.466498087
413,1841.7,105.10105895996094,60.2,-15.94,1570398.6091999998,5173378.0999
414,1846.7,104.7577896118164,-6.87,18.44,1570394.159444125,5173375.819620926
415,1851.7,97.6272964477539,-142.61,-9.71,1570389.70968825,5173373.539341852
416,1856.7,88.59161376953125,-180.71,-11.64,1570385.2599323753,5173371.259062779
417,1861.7,102.65953826904297,281.36,27.74,1570380.8101765004,5173368.978783705
418,1866.7,97.30709075927734,-107.05,-58.25,1570376.3604206254,5173366.698504631
419,1871.7,88.32258605957031,-179.69,-79.31,1570371.9106647505,5173364.418225558
420,1876.1,98.37178802490234,228.91,-78.68,1570368.0037000002,5173362.4161
421,1881.1,95.30479431152344,-61.34,-20.28,1570364.2440591853,5173359.119874744
422,1886.1,78.87532806396484,-328.59,-2.72,1570360.4844183703,5173355.8236494865
423,1891.1,68.65564727783203,-204.39,-32.54,1570356.7247775553,5173352.52742423
424,1896.1,60.08555221557617,-171.4,-20.5,1570352.9651367404,5173349.231198973
425,1896.4,60.08555221557617,0.0,-15.79,1570352.7254999997,5173349.0211
426,1901.4,85.0763168334961,499.82,-34.46,1570350.7042009966,5173344.447878997
427,1906.4,85.69984436035156,12.47,-31.94,1570348.6829019936,5173339.874657994
428,1911.4,83.36634826660156,-46.67,10.61,1570346.6616029905,5173335.301436991
429,1912.3,83.57318115234375,25.34,-114.01,1570346.3316000002,5173334.5548
430,1917.3,77.18075561523438,-127.85,-92.1,1570345.7522720327,5173329.588475494
431,1922.3,78.35877990722656,23.56,-99.33,1570345.1729440654,5173324.622150986
432,1927.3,76.67876434326172,-33.6,-145.88,1570344.593616098,5173319.65582648
433,1932.3,83.64962005615234,139.42,-176.23,1570344.0142881304,5173314.689501973
434,1932.4,81.48969268798828,-1575.15,-139.19,1570343.9984,5173314.5533
435,1937.4,84.96695709228516,69.55,-142.92,1570343.9556182895,5173309.553483031
436,1942.4,80.99349975585938,-79.47,-132.54,1570343.9128365794,5173304.553666062
437,1947.4,80.37893676757812,-12.29,-125.59,1570343.870054869,5173299.553849093
438,1952.4,64.31083679199219,-321.36,-136.71,1570343.8272731586,5173294.554032123
439,1957.4,82.34616088867188,360.71,-150.59,1570343.7844914484,5173289.554215154
440,1962.4,81.5615463256836,-15.69,1.22,1570343.741709738,5173284.554398185
441,1967.4,80.88142395019531,-13.6,-9.95,1570343.6989280279,5173279.554581216
442,1972.4,85.88323974609375,100.04,-45.03,1570343.6561463175,5173274.554764247
443,1977.4,78.08199310302734,-156.02,-29.47,1570343.613364607,5173269.5549472775
444,1982.4,77.4238510131836,-13.16,0.09,1570343.570582897,5173264.5551303085
445,1987.4,82.15817260742188,94.69,-34.97,1570343.5278011865,5173259.5553133385
446,1992.4,79.49374389648438,-53.29,-28.51,1570343.4850194762,5173254.5554963695
447,1994.6,69.25765991210938,-465.39,-31.45,1570343.4661999997,5173252.3561
448,1999.6,77.2032699584961,158.91,-20.01,1570344.5247032316,5173247.469427215
449,2004.6,77.39437866210938,3.82,-10.02,1570345.5832064634,5173242.58275443
450,2009.6,76.14329528808594,-25.02,-15.04,1570346.6417096953,5173237.696081645
451,2014.6,78.91585540771484,55.45,-41.19,1570347.700212927,5173232.80940886
452,2019.6,76.61454772949219,-46.03,-24.23,1570348.758716159,5173227.922736075
453,2021.8,81.69035339355469,225.9,19.19,1570349.2344000004,5173225.7267
454,2026.8,79.38485717773438,-46.11,-33.21,1570349.8339023555,5173220.762770415
455,2031.8,75.96559143066406,-68.39,-8.61,1570350.4334047104,5173215.79884083
456,2036.8,66.31794738769531,-192.95,4.84,1570351.0329070655,5173210.834911245
457,2041.8,72.98062133789062,133.25,-7.43,1570351.6324094206,5173205.87098166
458,2046.8,73.59574890136719,12.3,-10.83,1570352.2319117757,5173200.907052075
459,2049.8,61.269710540771484,-417.5,-28.65,1570352.5859000003,5173197.976
460,2054.8,74.98938751220703,274.39,-37.06,1570349.6642075258,5173193.918449867
461,2056.7,77.28153228759766,122.91,-37.21,1570348.5745,5173192.4051
462,2061.7,73.30379486083984,-79.55,-11.67,1570344.2973432527,5173194.994681078
463,2065.2,70.37413024902344,-83.34,-24.09,1570341.2900999999,5173196.8154
464,2070.2,71.86412811279297,29.8,-27.77,1570339.1205010414,5173201.320157525
465,2075.2,64.93649291992188,-138.55,22.03,1570336.9509020832,5173205.82491505
466,2080.2,61.43431091308594,-70.04,-24.84,1570334.7813031247,5173210.329672575
467,2085.2,65.83092498779297,87.93,-43.61,1570332.6117041665,5173214.8344301
468,2090.2,65.666015625,-3.3,-35.88,1570330.442105208,5173219.339187625
469,2095.2,64.25755310058594,-28.17,-40.4,1570328.2725062498,5173223.84394515
470,2100.2,70.76813507080078,130.21,-32.84,1570326.1029072914,5173228.348702676
471,2100.8,69.14553833007812,-241.12,-22.26,1570325.8109,5173228.955
472,2105.8,64.96407318115234,-83.63,-16.96,1570321.679026851,5173231.770603715
473,2110.8,65.2398681640625,5.52,-30.07,1570317.5471537022,5173234.586207431
474,2115.8,58.58840560913086,-133.03,-33.89,1570313.4152805533,5173237.401811146
475,2118.5,61.5666618347168,112.99,-34.84,1570311.2370999996,5173238.8861
