seq,cum_dist,elev,gradient_50m,x,y
0,0.0,232.76425170898438,-33.3,1570984.6478000004,5173007.4921
1,5.0,230.5068359375,-29.8,1570984.7126838046,5173012.491678992
2,10.0,229.50392150878906,-30.1,1570984.777567609,5173017.491257983
3,15.0,228.0189971923828,-29.0,1570984.8424514132,5173022.490836975
4,20.0,226.1122589111328,-26.9,1570984.9073352176,5173027.490415966
5,25.0,224.43942260742188,-27.2,1570984.9722190218,5173032.489994958
6,30.0,223.8187713623047,-25.1,1570985.037102826,5173037.489573949
7,35.0,222.23037719726562,-26.5,1570985.1019866304,5173042.489152941
8,40.0,221.15505981445312,-23.6,1570985.1668704345,5173047.488731932
9,45.0,220.64654541015625,-20.1,1570985.2317542387,5173052.488310924
10,46.7,220.1014404296875,-20.1,1570985.2532000002,5173054.1408
11,51.7,218.68045043945312,-17.6,1570983.9547034649,5173058.969247654
12,56.7,217.5509490966797,-15.3,1570982.6562069296,5173063.797695308
13,61.7,215.79168701171875,-11.0,1570981.3577103943,5173068.626142962
14,66.7,215.84312438964844,-6.8,1570980.0592138593,5173073.454590617
15,71.7,215.70204162597656,-6.1,1570978.760717324,5173078.283038271
16,71.9,215.70204162597656,-6.1,1570978.6900000004,5173078.546
17,76.9,215.29934692382812,-2.3,1570976.7850832718,5173083.168909501
18,81.9,215.87521362304688,-0.9,1570974.880166543,5173087.7918190025
19,86.9,216.5392303466797,2.9,1570972.9752498143,5173092.414728504
20,91.9,217.6252899169922,1.3,1570971.0703330857,5173097.037638005
21,96.9,217.05589294433594,1.8,1570969.1654163569,5173101.660547506
22,101.9,217.51776123046875,1.3,1570967.2692999998,5173106.2621
23,106.9,217.09300231933594,-2.5,1570964.4218509507,5173110.37209196
24,111.9,217.25221252441406,-4.9,1570961.5744019013,5173114.48208392
25,116.9,216.49916076660156,-7.5,1570958.7269528522,5173118.592075881
26,121.9,216.60377502441406,-5.9,1570955.879503803,5173122.702067841
27,126.1,216.8400421142578,-5.9,1570953.4605999999,5173126.1935
28,131.1,215.9836883544922,-6.6,1570949.092815111,5173128.627109493
29,136.1,214.5223388671875,-6.0,1570944.7250302222,5173131.060718986
30,141.1,213.89894104003906,-6.1,1570940.3572453333,5173133.494328479
31,146.1,213.54693603515625,-5.0,1570935.9894604445,5173135.927937972
32,151.1,213.83432006835938,-7.3,1570931.6216755556,5173138.361547465
33,156.1,213.95599365234375,-4.8,1570927.2538906669,5173140.7951569585
34,161.1,213.84408569335938,-1.1,1570922.886105778,5173143.228766452
35,166.1,213.95729064941406,-1.7,1570918.5183208892,5173145.662375945
36,166.9,214.37722778320312,-1.7,1570917.8578000003,5173146.0304
37,171.9,213.7552490234375,-1.1,1570913.2558700817,5173147.9854552485
38,176.9,213.11477661132812,-3.1,1570908.6539401633,5173149.9405104965
39,181.9,213.541259765625,-3.6,1570904.0520102447,5173151.895565745
40,186.9,213.9456024169922,-3.4,1570899.450080326,5173153.850620993
41,191.9,213.0478973388672,-3.8,1570894.8481504074,5173155.805676242
42,196.9,212.96815490722656,-3.2,1570890.246220489,5173157.76073149
43,201.9,212.2848663330078,-2.0,1570885.6442905704,5173159.715786739
44,206.9,212.1238250732422,-2.6,1570881.0423606518,5173161.670841987
45,209.1,211.79771423339844,-2.6,1570879.0405000001,5173162.5213
46,214.1,212.03836059570312,-3.6,1570874.6277482084,5173164.872389455
47,219.1,212.41180419921875,-2.2,1570870.2149964168,5173167.22347891
48,224.1,212.07171630859375,-2.8,1570865.802244625,5173169.574568365
49,229.1,212.05184936523438,-2.2,1570861.3894928335,5173171.92565782
50,234.1,212.1826934814453,-2.9,1570856.9767410418,5173174.276747275
51,239.1,212.0636444091797,-4.2,1570852.56398925,5173176.627836729
52,244.1,211.91981506347656,-5.4,1570848.1512374585,5173178.978926185
53,249.1,211.50962829589844,-7.6,1570843.7384856667,5173181.33001564
54,254.1,211.13165283203125,-9.1,1570839.3257338752,5173183.681105095
55,259.1,210.35165405273438,-10.7,1570834.9129820834,5173186.032194549
56,264.1,209.95864868164062,-10.8,1570830.5002302919,5173188.383284004
57,269.1,209.7157440185547,-11.7,1570826.0874785,5173190.73437346
58,272.3,209.378173828125,-11.8,1570823.2138999999,5173192.2654
59,277.3,208.0447540283203,-11.3,1570818.2975688956,5173193.17627237
60,282.3,207.20462036132812,-11.6,1570813.3812377914,5173194.087144739
61,287.3,206.4637451171875,-11.2,1570808.4649066871,5173194.998017109
62,292.3,206.29458618164062,-10.6,1570803.5485755831,5173195.908889479
63,296.2,205.82826232910156,-11.2,1570799.7860000003,5173196.606
64,301.2,205.18348693847656,-11.6,1570794.979163534,5173197.9823441375
65,306.2,205.06533813476562,-8.7,1570790.1723270677,5173199.358688275
66,311.2,204.5062713623047,-8.1,1570785.3654906014,5173200.735032413
67,316.2,203.94186401367188,-7.3,1570780.558654135,5173202.111376551
68,321.2,203.905029296875,-7.8,1570775.7518176686,5173203.487720689
69,326.2,203.1386260986328,-8.1,1570770.9449812023,5173204.864064828
70,331.2,203.369140625,-8.8,1570766.138144736,5173206.240408965
71,336.2,202.8508758544922,-9.1,1570761.3313082696,5173207.616753103
72,339.9,202.37965393066406,-9.1,1570757.7587000001,5173208.6397
73,344.9,202.28028869628906,-10.4,1570753.0916054891,5173210.433642258
74,349.9,201.61390686035156,-11.4,1570748.424510978,5173212.227584516
75,354.9,200.8473663330078,-11.5,1570743.757416467,5173214.021526773
76,359.9,200.3312225341797,-12.7,1570739.0903219557,5173215.815469031
77,364.9,199.63929748535156,-13.0,1570734.4232274448,5173217.60941129
78,369.9,198.35284423828125,-13.2,1570729.7561329335,5173219.403353548
79,374.9,197.7921905517578,-11.7,1570725.0890384226,5173221.197295805
80,379.9,196.9412841796875,-11.0,1570720.4219439114,5173222.991238063
81,384.9,196.54554748535156,-10.4,1570715.7548494004,5173224.785180321
82,385.8,196.87448120117188,-10.4,1570714.9046,5173225.112
83,390.8,195.77890014648438,-10.2,1570710.159902674,5173223.534708878
84,395.8,195.553466796875,-8.2,1570705.4152053476,5173221.957417756
85,400.8,195.65365600585938,-9.2,1570700.6705080215,5173220.380126635
86,405.8,195.2237548828125,-8.0,1570695.9258106952,5173218.802835513
87,410.8,195.0268096923828,-8.9,1570691.181113369,5173217.225544391
88,415.8,194.4373321533203,-8.6,1570686.4364160427,5173215.6482532695
89,420.8,194.17327880859375,-9.9,1570681.6917187166,5173214.070962148
90,421.5,193.96568298339844,-9.9,1570681.0508000003,5173213.8579
91,426.5,193.06564331054688,-10.0,1570677.92646107,5173209.954247064
92,431.5,192.81410217285156,-9.1,1570674.8021221398,5173206.050594127
93,434.3,192.55075073242188,-9.1,1570673.0225999998,5173203.8272
94,439.3,192.13221740722656,-9.9,1570672.2469437087,5173198.887730665
95,444.3,191.1874542236328,-11.0,1570671.4712874177,5173193.948261329
96,444.4,191.1874542236328,-11.0,1570671.4518999998,5173193.8248
97,449.4,190.26922607421875,-12.0,1570674.6337609848,5173189.967889232
98,454.4,190.2808380126953,-12.9,1570677.8156219698,5173186.110978464
99,455.9,190.59756469726562,-12.9,1570678.7555,5173184.9717
100,460.9,190.2144317626953,-14.4,1570680.3447159121,5173180.230983515
101,465.9,189.55410766601562,-15.2,1570681.9339318245,5173175.490267031
102,468.8,189.0868377685547,-13.9,1570682.8449,5173172.7728
103,473.8,188.07040405273438,-12.7,1570679.627890134,5173168.945157446
104,477.5,187.2359161376953,-12.2,1570677.2236000001,5173166.0845
105,482.5,185.85328674316406,-13.9,1570672.2673325003,5173166.744357917
106,485.7,184.9866943359375,-13.5,1570669.1469,5173167.1598
107,490.7,184.43138122558594,-13.4,1570665.2027886107,5173170.23290679
108,492.9,183.97415161132812,-10.6,1570663.4770999998,5173171.5775
109,497.9,183.97311401367188,-8.0,1570660.3781031687,5173175.501301554
110,502.9,183.75318908691406,-5.2,1570657.2791063378,5173179.425103109
111,507.9,183.3803253173828,-4.1,1570654.1801095067,5173183.348904664
112,511.2,183.1577911376953,-2.6,1570652.1133000003,5173185.9658
113,516.2,182.83055114746094,-1.8,1570650.1753413174,5173190.574955687
114,521.2,183.70425415039062,-1.6,1570648.2373826343,5173195.1841113735
115,526.2,184.52239990234375,-4.4,1570646.2994239514,5173199.79326706
116,528.0,184.59234619140625,-6.4,1570645.5877,5173201.486
117,533.0,183.77871704101562,-9.8,1570642.9043003323,5173205.704929511
118,538.0,183.64859008789062,-11.8,1570640.2209006646,5173209.923859023
119,543.0,183.49832153320312,-13.6,1570637.5375009968,5173214.142788534
120,547.7,183.11863708496094,-16.8,1570635.0212000003,5173218.099
121,552.7,181.558349609375,-19.6,1570630.63025361,5173220.490566391
122,557.7,180.26483154296875,-18.8,1570626.2393072196,5173222.88213278
123,562.7,177.99581909179688,-17.5,1570621.8483608293,5173225.27369917
124,566.1,176.68637084960938,-17.6,1570618.8383999998,5173226.9131
125,570.2,175.50904846191406,-16.7,1570614.8024000004,5173226.8954
126,575.2,174.62864685058594,-16.4,1570611.1325390514,5173223.499502384
127,576.7,173.90658569335938,-16.4,1570609.9786999999,5173222.4318
128,581.7,173.62950134277344,-14.9,1570610.5168269812,5173217.460842411
129,584.6,173.9482879638672,-13.2,1570610.8198999995,5173214.6612
130,589.6,173.89584350585938,-9.5,1570613.143112409,5173210.233708148
131,594.6,173.70724487304688,-8.0,1570615.4663248183,5173205.806216296
132,599.6,174.02545166015625,-8.8,1570617.7895372275,5173201.378724444
133,602.1,174.18443298339844,-6.1,1570618.96,5173199.1481
134,604.4,174.36492919921875,-7.4,1570618.1624999996,5173196.9234
135,608.6,173.212158203125,-8.9,1570614.1217,5173198.0163
136,613.6,172.88247680664062,-9.7,1570611.5895186118,5173202.327686949
137,618.6,172.67697143554688,-10.8,1570609.0573372238,5173206.639073897
138,621.5,172.23300170898438,-11.6,1570607.6155000003,5173209.094
139,626.5,170.58001708984375,-14.2,1570603.9160130748,5173212.45759874
140,628.1,170.7801513671875,-15.2,1570602.7528,5173213.5152
141,632.1,169.81480407714844,-15.0,1570598.7169000003,5173213.4975
142,636.2,168.7571258544922,-13.0,1570596.3098999998,5173210.1551
143,641.2,168.48068237304688,-14.1,1570597.3965036597,5173205.274598747
144,646.2,167.78785705566406,-13.9,1570598.4831073196,5173200.394097493
145,647.6,167.56588745117188,-13.9,1570598.7802,5173199.0597
146,650.3,167.43218994140625,-13.5,1570597.1755,5173196.8314
147,653.7,166.3428955078125,-12.8,1570593.9419,5173197.9279
148,657.9,166.3389434814453,-11.9,1570591.5056999996,5173201.2491
149,662.9,166.13404846191406,-11.9,1570589.0933746025,5173205.628676027
150,667.9,165.21665954589844,-13.7,1570586.6810492056,5173210.008252054
151,672.9,165.10874938964844,-13.4,1570584.2687238085,5173214.387828082
152,677.9,164.6358642578125,-12.6,1570581.8563984116,5173218.767404109
153,682.9,163.76271057128906,-11.2,1570579.4440730144,5173223.146980136
154,683.2,163.76271057128906,-11.2,1570579.3003000002,5173223.408
155,687.8,163.49012756347656,-9.0,1570576.0569000002,5173226.7256
156,692.0,162.13536071777344,-7.6,1570572.0160999997,5173227.8185
157,695.9,160.98342895507812,-6.7,1570568.7970000003,5173225.5831
158,700.9,160.4191131591797,-7.9,1570566.42318375,5173221.182532263
159,701.0,160.4191131591797,-7.9,1570566.3948999997,5173221.1301
160,706.0,160.41055297851562,-5.6,1570567.7308733363,5173216.311887131
161,710.2,160.45726013183594,-5.5,1570568.8554999996,5173212.2559
162,715.2,161.1764678955078,-5.4,1570571.3629348143,5173207.930073992
163,720.2,161.7598419189453,-3.8,1570573.870369629,5173203.6042479845
164,725.2,161.35342407226562,-4.3,1570576.3778044437,5173199.278421977
165,730.2,160.57948303222656,-3.9,1570578.8852392584,5173194.952595969
166,734.5,161.47100830078125,-4.6,1570581.0559999999,5173191.2076
167,739.5,160.65773010253906,-5.0,1570580.47650709,5173186.241294737
168,744.5,160.43812561035156,-7.3,1570579.8970141802,5173181.274989474
169,747.9,160.00888061523438,-9.3,1570579.5000999998,5173177.8734
170,752.9,158.55226135253906,-9.6,1570574.5001483534,5173177.851410619
171,754.4,158.3614959716797,-9.6,1570573.0425000004,5173177.845
172,759.4,158.13525390625,-9.7,1570570.4045674354,5173182.092506537
173,764.4,157.74122619628906,-13.0,1570567.7666348703,5173186.340013074
174,769.4,157.5016326904297,-12.6,1570565.1287023055,5173190.587519611
175,771.3,157.09109497070312,-13.3,1570564.0999999996,5173192.2439
176,776.3,156.5459747314453,-11.4,1570560.69735154,5173195.907502525
177,781.3,155.9633331298828,-9.4,1570557.29470308,5173199.57110505
178,786.3,155.13189697265625,-9.8,1570553.8920546204,5173203.234707574
179,791.3,154.09214782714844,-9.3,1570550.4894061605,5173206.898310099
180,794.0,153.1067657470703,-9.3,1570548.6902,5173208.8355
181,799.0,153.1885986328125,-8.4,1570547.6792093487,5173213.73222318
182,804.0,153.6357421875,-8.4,1570546.6682186972,5173218.62894636
183,809.0,153.2108154296875,-10.2,1570545.6572280459,5173223.52566954
184,814.0,152.78196716308594,-11.7,1570544.6462373945,5173228.42239272
185,814.4,152.78196716308594,-11.7,1570544.5664999997,5173228.8086
186,819.4,152.6219024658203,-13.0,1570544.9705786353,5173233.792245298
187,824.4,152.62078857421875,-14.2,1570545.3746572707,5173238.775890596
188,829.4,152.08705139160156,-15.9,1570545.7787359064,5173243.759535894
189,833.3,151.56826782226562,-17.0,1570546.0979000004,5173247.6959
190,838.3,150.1733856201172,-17.8,1570547.3329099296,5173252.5409748675
191,843.3,148.47166442871094,-17.3,1570548.5679198587,5173257.386049735
192,848.3,146.06747436523438,-15.0,1570549.802929788,5173262.231124603
193,849.4,146.05517578125,-16.5,1570550.0657000002,5173263.262
194,854.4,145.61795043945312,-13.5,1570553.411618896,5173266.977484725
195,859.4,144.216064453125,-14.5,1570556.7575377917,5173270.692969451
196,864.4,143.37054443359375,-14.0,1570560.1034566876,5173274.408454175
197,867.4,142.9142608642578,-14.0,1570562.1152,5173276.6424
198,872.4,142.72610473632812,-12.4,1570566.1196909924,5173279.636402654
199,877.4,143.8960418701172,-8.4,1570570.1241819847,5173282.630405308
200,882.4,144.94357299804688,-8.6,1570574.1286729772,5173285.624407962
201,887.4,143.7102508544922,-8.9,1570578.1331639697,5173288.618410615
202,892.4,142.60301208496094,-8.3,1570582.1376549623,5173291.6124132695
203,893.5,142.30303955078125,-7.5,1570583.0343000004,5173292.2828
204,898.5,141.638671875,-9.1,1570587.772505794,5173293.879485899
205,903.5,141.52532958984375,-12.0,1570592.5107115873,5173295.476171797
206,908.5,140.95034790039062,-14.8,1570597.2489173808,5173297.072857697
207,913.5,139.40505981445312,-11.8,1570601.9871231741,5173298.669543595
208,918.2,138.72305297851562,-10.8,1570606.4091999996,5173300.1597
209,923.2,138.74256896972656,-8.4,1570610.9939300686,5173302.154756439
210,928.2,137.6693572998047,-6.4,1570615.5786601375,5173304.149812878
211,933.2,137.21714782714844,-5.7,1570620.1633902062,5173306.144869317
212,938.2,136.70840454101562,-9.7,1570624.748120275,5173308.1399257565
213,943.2,137.13290405273438,-11.5,1570629.332850344,5173310.134982196
214,946.3,137.53965759277344,-11.5,1570632.1912000002,5173311.3788
215,951.3,137.42364501953125,-15.3,1570636.386743767,5173314.098618468
216,956.3,137.91311645507812,-14.4,1570640.5822875334,5173316.818436937
217,960.7,138.2890167236328,-16.2,1570644.2653,5173319.206
218,965.7,135.40003967285156,-16.5,1570645.4212894558,5173324.070533727
219,967.5,134.79656982421875,-16.5,1570645.8504999997,5173325.8767
220,972.5,132.48855590820312,-21.5,1570643.4381677918,5173330.256272276
221,972.6,132.48855590820312,-21.5,1570643.4094000002,5173330.3085
222,977.6,130.41937255859375,-18.7,1570638.4990849628,5173331.251265205
223,978.4,130.09715270996094,-18.7,1570637.7540999996,5173331.3943
224,983.4,129.70602416992188,-18.1,1570633.0331388842,5173329.747325153
225,988.4,128.29409790039062,-15.7,1570628.312177769,5173328.100350305
226,993.4,127.59647369384766,-7.5,1570623.5912166534,5173326.453375459
227,998.4,126.36127471923828,-0.5,1570618.870255538,5173324.806400611
228,1002.3,126.2765884399414,-0.5,1570615.1863000002,5173323.5212
229,1007.3,126.96451568603516,5.8,1570610.625124623,5173321.472864291
230,1012.3,127.78697204589844,6.8,1570606.063949246,5173319.424528581
231,1017.3,129.40438842773438,9.2,1570601.5027738689,5173317.3761928715
232,1022.3,130.6940460205078,10.2,1570596.9415984917,5173315.327857162
233,1027.3,132.1968231201172,13.5,1570592.3804231146,5173313.279521452
234,1029.6,132.94320678710938,11.6,1570590.2115000002,5173312.3055
235,1034.6,133.33908081054688,8.6,1570585.3033107053,5173311.351729669
236,1039.6,133.52926635742188,5.8,1570580.3951214103,5173310.397959338
237,1044.6,133.48690795898438,1.0,1570575.4869321154,5173309.444189006
238,1049.6,133.3303985595703,-3.0,1570570.5787428203,5173308.490418674
239,1053.5,133.19805908203125,-6.2,1570566.8219999997,5173307.7604
240,1058.5,132.79269409179688,-8.2,1570562.2086464656,5173305.832455714
241,1063.5,131.7959747314453,-6.3,1570557.5952929317,5173303.904511428
242,1068.5,131.0462646484375,-5.4,1570552.9819393975,5173301.976567142
243,1073.5,129.9847412109375,-3.3,1570548.3685858634,5173300.048622856
244,1078.5,129.00735473632812,-5.1,1570543.7552323295,5173298.12067857
245,1083.5,128.53857421875,-6.5,1570539.1418787953,5173296.192734284
246,1088.4,129.09165954589844,-6.2,1570534.5921999998,5173294.2914
247,1093.4,129.6288604736328,-4.8,1570530.5877342324,5173291.297363608
248,1098.4,130.3549041748047,-4.2,1570526.583268465,5173288.303327216
249,1101.4,131.60435485839844,-2.6,1570524.1327,5173286.4711
250,1106.4,130.4804229736328,-1.2,1570519.1741315539,5173285.828761331
251,1110.4,129.43365478515625,-2.4,1570515.2582999999,5173285.3215
252,1115.4,129.273681640625,-4.9,1570510.5718808253,5173283.578664574
253,1120.4,129.04393005371094,-3.8,1570505.8854616508,5173281.835829148
254,1123.3,128.4466094970703,-3.8,1570503.1698000003,5173280.8259
255,1128.3,128.5630340576172,-4.5,1570499.6386137581,5173277.2860237695
256,1133.3,128.32823181152344,-4.9,1570496.1074275158,5173273.7461475395
257,1138.3,127.20063781738281,-4.1,1570492.5762412737,5173270.20627131
258,1143.3,126.42449188232422,-5.3,1570489.0450550313,5173266.66639508
259,1143.8,126.0407943725586,-5.3,1570488.7037000004,5173266.3242
260,1148.8,127.50171661376953,-4.4,1570487.2377330023,5173261.543934237
261,1151.9,127.91368103027344,-5.6,1570486.3163,5173258.5393
262,1156.9,129.07923889160156,-6.3,1570487.152880665,5173253.6097835135
263,1161.9,127.74383544921875,-10.5,1570487.9894613295,5173248.680267028
264,1166.9,127.1406021118164,-12.1,1570488.8260419944,5173243.750750541
265,1171.9,126.29401397705078,-10.6,1570489.6626226592,5173238.821234054
266,1176.7,126.11569213867188,-12.6,1570490.4598000003,5173234.1239
267,1181.7,125.18905639648438,-12.6,1570487.5379770598,5173230.066443814
268,1183.5,125.10861206054688,-16.0,1570486.4482000005,5173228.5531
269,1188.5,122.55046081542969,-12.5,1570481.5168649855,5173229.37889354
270,1190.1,120.54048156738281,-12.7,1570479.9857,5173229.6353
271,1195.1,120.32756042480469,-12.8,1570477.5733090015,5173234.014839892
272,1200.1,120.08881378173828,-11.9,1570475.160918003,5173238.394379785
273,1200.2,120.08881378173828,-11.9,1570475.1034000004,5173238.4988
274,1205.2,120.37200927734375,-13.1,1570475.0814150998,5173243.498751666
275,1210.2,120.56694793701172,-15.9,1570475.059430199,5173248.498703333
276,1213.5,121.28701782226562,-14.6,1570475.0448000003,5173251.826
277,1218.5,120.5795669555664,-11.1,1570473.5086681407,5173256.584182312
278,1223.5,119.90362548828125,-12.5,1570471.9725362812,5173261.342364623
279,1228.5,119.53199768066406,-14.7,1570470.4364044217,5173266.100546935
280,1232.2,118.8636245727539,-14.8,1570469.3161000004,5173269.5707
281,1237.2,116.58808135986328,-14.8,1570465.0389850177,5173272.160350058
282,1240.7,114.92964935302734,-17.1,1570462.0318,5173273.9811
283,1245.3,114.43106079101562,-14.1,1570458.0055,5173271.7421
284,1250.3,113.40359497070312,-14.5,1570456.4895131497,5173266.977461098
285,1255.3,112.01097106933594,-15.9,1570454.9735262997,5173262.212822195
286,1255.8,112.09971618652344,-15.9,1570454.8207,5173261.7325
287,1260.8,112.1409683227539,-16.2,1570456.2376813102,5173256.93748551
288,1265.8,112.33677673339844,-14.0,1570457.6546626203,5173252.142471018
289,1270.8,113.21530151367188,-17.5,1570459.0716439304,5173247.347456528
290,1273.2,112.44245147705078,-17.5,1570459.7373000002,5173245.0949
291,1278.2,111.96256256103516,-15.3,1570460.3148082397,5173240.128363557
292,1283.2,110.8609390258789,-13.8,1570460.8923164792,5173235.161827115
293,1287.7,109.89804077148438,-15.0,1570461.4153000005,5173230.6642
294,1292.7,107.63544464111328,-16.6,1570458.9211297128,5173226.330712424
295,1294.1,107.54989624023438,-16.1,1570458.2110000001,5173225.0969
296,1299.0,105.03861999511719,-18.7,1570453.3678000001,5173225.0756
297,1304.0,105.21110534667969,-18.5,1570451.2589366953,5173229.609108086
298,1309.0,104.77425384521484,-17.4,1570449.1500733902,5173234.142616171
299,1314.0,104.15853881835938,-14.2,1570447.0412100854,5173238.676124256
300,1319.0,103.47984313964844,-12.4,1570444.9323467803,5173243.209632342
301,1324.0,102.95536804199219,-9.0,1570442.8234834755,5173247.743140427
302,1329.0,102.5592041015625,-11.4,1570440.7146201704,5173252.276648513
303,1334.0,102.04393768310547,-9.6,1570438.6057568656,5173256.810156599
304,1339.0,102.60235595703125,-7.9,1570436.4968935605,5173261.343664684
305,1344.0,101.27320098876953,-6.7,1570434.3880302557,5173265.877172769
306,1349.0,100.5294418334961,-5.4,1570432.2791669508,5173270.410680855
307,1354.0,99.5354995727539,-4.3,1570430.1703036458,5173274.94418894
308,1358.9,99.53267669677734,-6.4,1570428.1047,5173279.3847
309,1363.9,99.4938735961914,-6.8,1570427.6303979934,5173284.362152924
310,1367.8,99.90142822265625,-8.7,1570427.2583999997,5173288.266
311,1372.8,99.89947509765625,-5.8,1570428.9454217302,5173292.972799091
312,1377.2,100.09506225585938,-5.0,1570430.4479999999,5173297.165
313,1382.2,100.2976303100586,-6.5,1570434.0133681856,5173300.670445721
314,1387.2,98.83921813964844,-9.1,1570437.5787363714,5173304.175891441
315,1392.2,98.05860900878906,-8.5,1570441.144104557,5173307.681337162
316,1397.2,97.53468322753906,-8.9,1570444.7094727429,5173311.186782883
317,1402.2,97.88910675048828,-8.4,1570448.2748409286,5173314.692228603
318,1404.3,97.00536346435547,-8.4,1570449.7378000002,5173316.1306
319,1409.3,95.94945526123047,-9.1,1570453.795338158,5173319.052309105
320,1414.3,94.49056243896484,-8.4,1570457.8528763158,5173321.9740182115
321,1419.3,94.75894165039062,-6.8,1570461.9104144734,5173324.895727317
322,1424.3,94.8791275024414,-6.8,1570465.9679526312,5173327.817436422
323,1429.3,95.70672607421875,-5.7,1570470.025490789,5173330.7391455285
324,1431.1,95.88301086425781,-5.7,1570471.4638999999,5173331.7749
325,1436.1,95.41852569580078,-4.4,1570475.6111072248,5173334.567868355
326,1441.1,94.32989501953125,-2.9,1570479.75831445,5173337.36083671
327,1446.1,94.39414978027344,-4.1,1570483.905521675,5173340.153805065
328,1451.1,93.88909149169922,-3.7,1570488.0527289002,5173342.94677342
329,1456.1,94.04576110839844,-6.1,1570492.1999361252,5173345.739741774
330,1461.1,93.65447235107422,-7.1,1570496.3471433504,5173348.532710129
331,1463.1,93.61354064941406,-10.0,1570498.0236999998,5173349.6618
332,1468.1,92.94145202636719,-11.3,1570502.6972302087,5173351.438908715
333,1473.1,92.53120422363281,-13.1,1570507.3707604178,5173353.216017431
334,1478.1,92.88992309570312,-14.9,1570512.0442906267,5173354.993126146
335,1482.1,92.79327392578125,-18.0,1570515.7531000003,5173356.4034
336,1487.1,91.78929138183594,-15.5,1570516.2475909945,5173361.378887781
337,1489.9,90.0396957397461,-16.0,1570516.5261000004,5173364.1812
338,1494.0,88.36840057373047,-15.2,1570514.0899,5173367.5023
339,1499.0,87.48599243164062,-14.5,1570509.089948287,5173367.480325756
340,1504.0,86.0187759399414,-15.7,1570504.089996574,5173367.4583515115
341,1509.0,84.51393127441406,-15.3,1570499.090044861,5173367.436377266
342,1510.9,83.97969818115234,-15.3,1570497.1383999996,5173367.4278
343,1515.9,85.1402587890625,-9.7,1570492.3974856168,5173365.839174551
344,1520.9,84.89005279541016,-6.1,1570487.656571234,5173364.250549102
345,1525.9,84.88414764404297,-5.7,1570482.9156568514,5173362.661923654
346,1530.9,84.58284759521484,-3.9,1570478.1747424689,5173361.073298206
347,1532.2,84.27466583251953,-3.9,1570476.9873000002,5173360.6754
348,1537.2,84.3486557006836,0.2,1570472.5478575742,5173358.375106335
349,1542.2,84.94471740722656,-3.1,1570468.1084151485,5173356.074812669
350,1547.2,85.1323471069336,-0.7,1570463.6689727225,5173353.774519004
351,1552.2,84.42821502685547,0.6,1570459.2295302965,5173351.474225339
352,1557.2,83.95327758789062,2.0,1570454.7900878708,5173349.173931673
353,1562.2,84.09485626220703,-0.6,1570450.3506454448,5173346.873638008
354,1567.2,83.5630111694336,-2.1,1570445.9112030189,5173344.573344342
355,1572.2,84.54054260253906,-1.9,1570441.4717605931,5173342.273050677
356,1577.2,85.17840576171875,-3.6,1570437.0323181672,5173339.972757012
357,1582.2,85.2804183959961,-1.7,1570432.5928757412,5173337.672463346
358,1587.2,84.05797576904297,0.8,1570428.1534333155,5173335.37216968
359,1592.2,83.90348815917969,2.7,1570423.7139908895,5173333.071876015
360,1597.2,84.20256805419922,0.2,1570419.2745484635,5173330.771582349
361,1602.2,82.65040588378906,-2.9,1570414.8351060376,5173328.471288684
362,1607.2,83.09329986572266,-7.8,1570410.3956636118,5173326.170995018
363,1612.2,84.50700378417969,-8.0,1570405.9562211859,5173323.870701353
364,1617.2,84.88824462890625,-10.0,1570401.51677876,5173321.570407688
365,1622.2,84.6314926147461,-10.1,1570397.0773363342,5173319.270114022
366,1624.7,84.22322845458984,-9.5,1570394.8377999999,5173318.1097
367,1628.1,83.6826400756836,-9.3,1570391.6041,5173319.2061
368,1633.1,81.29113006591797,-13.4,1570389.4039458968,5173323.696013354
369,1635.5,81.28968811035156,-13.4,1570388.3458000002,5173325.8554
370,1640.5,79.7822036743164,-14.8,1570389.5016514028,5173330.719966531
371,1642.4,78.87104797363281,-15.3,1570389.9308000002,5173332.5261
372,1647.4,79.15200805664062,-14.4,1570394.604288519,5173334.3033183515
373,1651.9,79.02291107177734,-14.3,1570398.7954000002,5173335.8971
374,1656.9,77.54393005371094,-14.6,1570402.9554860669,5173338.670849073
375,1661.9,75.74637603759766,-9.3,1570407.1155721336,5173341.444598145
376,1666.9,76.40282440185547,-6.2,1570411.2756582,5173344.218347218
377,1671.9,76.53067016601562,-5.8,1570415.4357442667,5173346.99209629
378,1676.9,76.76007843017578,-7.0,1570419.5958303334,5173349.765845363
379,1681.9,75.85421752929688,-2.3,1570423.7559164,5173352.539594436
380,1686.9,76.53411102294922,-0.3,1570427.9160024668,5173355.313343508
381,1691.9,76.58876037597656,-2.9,1570432.0760885333,5173358.087092581
382,1696.9,75.70645141601562,-2.3,1570436.2361746,5173360.860841653
383,1701.9,75.54207611083984,-3.9,1570440.3962606667,5173363.634590726
384,1706.9,76.40310668945312,-3.8,1570444.5563467334,5173366.408339799
385,1711.9,75.6011734008789,-6.0,1570448.7164328,5173369.1820888715
386,1716.9,74.9554214477539,-6.6,1570452.8765188667,5173371.9558379445
387,1721.9,75.3848876953125,-5.9,1570457.0366049332,5173374.729587017
388,1726.9,74.79546356201172,-9.7,1570461.196691,5173377.50333609
389,1731.9,73.94105529785156,-15.7,1570465.3567770666,5173380.277085162
390,1736.9,73.51580047607422,-16.4,1570469.5168631333,5173383.050834235
391,1741.9,73.28289031982422,-16.5,1570473.6769492,5173385.824583308
392,1746.9,72.76385498046875,-17.1,1570477.8370352664,5173388.59833238
393,1748.6,72.86359405517578,-16.2,1570479.2818999998,5173389.5617
394,1753.6,70.51445770263672,-16.3,1570479.8613561653,5173394.528009551
395,1755.3,69.97843170166016,-16.3,1570480.0598,5173396.2288
396,1760.3,68.00994873046875,-12.6,1570476.3602063505,5173399.5922813555
397,1761.9,67.4175796508789,-13.0,1570475.1968999999,5173400.6499
398,1766.9,66.68157958984375,-16.0,1570470.4004830578,5173399.237673205
399,1771.9,66.81730651855469,-14.1,1570465.6040661158,5173397.825446411
400,1776.9,66.49536895751953,-11.3,1570460.8076491738,5173396.413219617
401,1781.9,65.84300231933594,-5.8,1570456.0112322317,5173395.000992823
402,1786.9,66.99616241455078,-3.8,1570451.2148152897,5173393.588766029
403,1791.9,65.26410675048828,-3.9,1570446.4183983477,5173392.176539235
404,1796.9,65.71759796142578,-5.1,1570441.6219814057,5173390.7643124405
405,1801.9,66.83341217041016,-2.9,1570436.8255644636,5173389.352085646
406,1806.9,66.97846221923828,-1.5,1570432.0291475216,5173387.939858852
407,1811.9,65.50904846191406,-6.9,1570427.2327305796,5173386.527632059
408,1816.9,64.73554992675781,-3.2,1570422.4363136375,5173385.115405264
409,1821.9,64.25153350830078,-6.7,1570417.6398966953,5173383.70317847
410,1826.9,65.06828308105469,-9.5,1570412.8434797532,5173382.290951676
411,1831.9,65.09757995605469,-8.4,1570408.0470628112,5173380.878724881
412,1836.9,63.5693244934082,-5.0,1570403.2506458692,5173379.466498087
413,1841.7,62.83784484863281,-5.0,1570398.6091999998,5173378.0999
414,1846.7,63.49909973144531,-2.5,1570394.159444125,5173375.819620926
415,1851.7,62.07088851928711,-1.1,1570389.70968825,5173373.539341852
416,1856.7,61.62433624267578,-2.5,1570385.2599323753,5173371.259062779
417,1861.7,62.35628128051758,-4.5,1570380.8101765004,5173368.978783705
418,1866.7,62.77509689331055,-5.3,1570376.3604206254,5173366.698504631
419,1871.7,63.36243438720703,-3.6,1570371.9106647505,5173364.418225558
420,1876.1,63.59829330444336,-3.6,1570368.0037000002,5173362.4161
421,1881.1,63.581565856933594,-1.1,1570364.2440591853,5173359.119874744
422,1886.1,63.577266693115234,-2.2,1570360.4844183703,5173355.8236494865
423,1891.1,62.440406799316406,-5.0,1570356.7247775553,5173352.52742423
424,1896.1,59.930259704589844,-6.8,1570352.9651367404,5173349.231198973
425,1896.4,59.930259704589844,-6.8,1570352.7254999997,5173349.0211
426,1901.4,61.550601959228516,-11.0,1570350.7042009966,5173344.447878997
427,1906.4,61.46061325073242,-12.5,1570348.6829019936,5173339.874657994
428,1911.4,60.41018295288086,-14.2,1570346.6616029905,5173335.301436991
429,1912.3,60.202247619628906,-14.2,1570346.3316000002,5173334.5548
430,1917.3,59.55632400512695,-12.5,1570345.7522720327,5173329.588475494
431,1922.3,58.96693420410156,-8.1,1570345.1729440654,5173324.622150986
432,1927.3,57.97136306762695,-10.9,1570344.593616098,5173319.65582648
433,1932.3,57.15917205810547,-11.4,1570344.0142881304,5173314.689501973
434,1932.4,56.69287872314453,-11.4,1570343.9984,5173314.5533
435,1937.4,56.30584716796875,-9.5,1570343.9556182895,5173309.553483031
436,1942.4,56.04057312011719,-9.2,1570343.9128365794,5173304.553666062
437,1947.4,55.792945861816406,-8.7,1570343.870054869,5173299.553849093
438,1952.4,55.98621368408203,-7.6,1570343.8272731586,5173294.554032123
439,1957.4,55.65721130371094,-6.0,1570343.7844914484,5173289.554215154
440,1962.4,55.4278450012207,-5.6,1570343.741709738,5173284.554398185
441,1967.4,54.96363830566406,-5.3,1570343.6989280279,5173279.554581216
442,1972.4,54.602684020996094,-4.7,1570343.6561463175,5173274.554764247
443,1977.4,54.166908264160156,-4.9,1570343.613364607,5173269.5549472775
444,1982.4,53.70015335083008,-4.1,1570343.570582897,5173264.5551303085
445,1987.4,53.525638580322266,-5.4,1570343.5278011865,5173259.5553133385
446,1992.4,53.36777877807617,-5.5,1570343.4850194762,5173254.5554963695
447,1994.6,53.15719223022461,-5.5,1570343.4661999997,5173252.3561
448,1999.6,53.33073806762695,-6.0,1570344.5247032316,5173247.469427215
449,2004.6,53.44179916381836,-4.9,1570345.5832064634,5173242.58275443
450,2009.6,53.50992202758789,-2.3,1570346.6417096953,5173237.696081645
451,2014.6,52.606117248535156,-4.0,1570347.700212927,5173232.80940886
452,2019.6,52.066585540771484,-4.3,1570348.758716159,5173227.922736075
453,2021.8,52.0506706237793,-4.3,1570349.2344000004,5173225.7267
454,2026.8,51.33198928833008,-7.3,1570349.8339023555,5173220.762770415
455,2031.8,51.508949279785156,-12.4,1570350.4334047104,5173215.79884083
456,2036.8,52.44449996948242,-16.1,1570351.0329070655,5173210.834911245
457,2041.8,51.35776901245117,-13.0,1570351.6324094206,5173205.87098166
458,2046.8,50.922977447509766,-14.0,1570352.2319117757,5173200.907052075
459,2049.8,50.88536071777344,-14.0,1570352.5859000003,5173197.976
460,2054.8,49.27942657470703,-15.2,1570349.6642075258,5173193.918449867
461,2056.7,48.55524826049805,-13.2,1570348.5745,5173192.4051
462,2061.7,46.34552764892578,-14.1,1570344.2973432527,5173194.994681078
463,2065.2,44.5433464050293,-17.1,1570341.2900999999,5173196.8154
464,2070.2,45.40380096435547,-16.6,1570339.1205010414,5173201.320157525
465,2075.2,44.57869338989258,-15.7,1570336.9509020832,5173205.82491505
466,2080.2,43.20527267456055,-16.3,1570334.7813031247,5173210.329672575
467,2085.2,43.642181396484375,-15.2,1570332.6117041665,5173214.8344301
468,2090.2,43.295413970947266,-11.9,1570330.442105208,5173219.339187625
469,2095.2,42.475616455078125,-14.0,1570328.2725062498,5173223.84394515
470,2100.2,42.98220443725586,-13.7,1570326.1029072914,5173228.348702676
471,2100.8,42.190853118896484,-13.7,1570325.8109,5173228.955
472,2105.8,40.981441497802734,-11.9,1570321.679026851,5173231.770603715
473,2110.8,40.340694427490234,-15.0,1570317.5471537022,5173234.586207431
474,2115.8,38.50537109375,-16.4,1570313.4152805533,5173237.401811146
475,2118.5,38.65151596069336,-16.4,1570311.2370999996,5173238.8861
